date,app,usage_seconds,usage_minutes,usage_hours,daily_total_seconds,daily_total_minutes,daily_total_hours
2026-04-07,com.apple.InCallService,19,0.32,0.01,976,16.27,0.27
2026-04-07,com.apple.camera,17,0.28,0.0,976,16.27,0.27
2026-04-07,com.apple.mobilephone,2,0.03,0.0,976,16.27,0.27
2026-04-07,com.apple.mobileslideshow,36,0.6,0.01,976,16.27,0.27
2026-04-07,com.facebook.Facebook,663,11.05,0.18,976,16.27,0.27
2026-04-07,com.facebook.Messenger,2,0.03,0.0,976,16.27,0.27
2026-04-07,com.google.Gmail,4,0.07,0.0,976,16.27,0.27
2026-04-07,com.google.chrome.ios,23,0.38,0.01,976,16.27,0.27
2026-04-07,com.hammerandchisel.discord,104,1.73,0.03,976,16.27,0.27
2026-04-07,com.openai.chat,70,1.17,0.02,976,16.27,0.27
2026-04-07,com.toyopagroup.picaboo,36,0.6,0.01,976,16.27,0.27
2026-04-08,com.apple.AppStore,13,0.22,0.0,11940,199.0,3.32
2026-04-08,com.apple.InCallService,499,8.32,0.14,11940,199.0,3.32
2026-04-08,com.apple.MobileSMS,466,7.77,0.13,11940,199.0,3.32
2026-04-08,com.apple.PosterBoard,76,1.27,0.02,11940,199.0,3.32
2026-04-08,com.apple.Preferences,26,0.43,0.01,11940,199.0,3.32
2026-04-08,com.apple.camera,4,0.07,0.0,11940,199.0,3.32
2026-04-08,com.apple.findmy,12,0.2,0.0,11940,199.0,3.32
2026-04-08,com.apple.mobilecal,3,0.05,0.0,11940,199.0,3.32
2026-04-08,com.apple.mobilenotes,8,0.13,0.0,11940,199.0,3.32
2026-04-08,com.apple.mobilephone,23,0.38,0.01,11940,199.0,3.32
2026-04-08,com.apple.mobileslideshow,0,0.0,0.0,11940,199.0,3.32
2026-04-08,com.apple.weather,6,0.1,0.0,11940,199.0,3.32
2026-04-08,com.facebook.Facebook,2891,48.18,0.8,11940,199.0,3.32
2026-04-08,com.facebook.Messenger,259,4.32,0.07,11940,199.0,3.32
2026-04-08,com.google.Gmail,13,0.22,0.0,11940,199.0,3.32
2026-04-08,com.google.Maps,757,12.62,0.21,11940,199.0,3.32
2026-04-08,com.google.chrome.ios,3489,58.15,0.97,11940,199.0,3.32
2026-04-08,com.hammerandchisel.discord,981,16.35,0.27,11940,199.0,3.32
2026-04-08,com.microsoft.Office.Outlook,11,0.18,0.0,11940,199.0,3.32
2026-04-08,com.spotify.client,12,0.2,0.0,11940,199.0,3.32
2026-04-08,com.toyopagroup.picaboo,1915,31.92,0.53,11940,199.0,3.32
2026-04-08,com.woltapp.wolt,476,7.93,0.13,11940,199.0,3.32
2026-04-09,com.Margento.SSSP,79,1.32,0.02,17845,297.42,4.96
2026-04-09,com.apple.DocumentsApp,27,0.45,0.01,17845,297.42,4.96
2026-04-09,com.apple.HeadphoneProxService,1,0.02,0.0,17845,297.42,4.96
2026-04-09,com.apple.InCallService,1086,18.1,0.3,17845,297.42,4.96
2026-04-09,com.apple.MobileSMS,782,13.03,0.22,17845,297.42,4.96
2026-04-09,com.apple.Pages,71,1.18,0.02,17845,297.42,4.96
2026-04-09,com.apple.PassbookUIService,3,0.05,0.0,17845,297.42,4.96
2026-04-09,com.apple.Preferences,15,0.25,0.0,17845,297.42,4.96
2026-04-09,com.apple.Preview,8,0.13,0.0,17845,297.42,4.96
2026-04-09,com.apple.SharingViewService,2,0.03,0.0,17845,297.42,4.96
2026-04-09,com.apple.calculator,30,0.5,0.01,17845,297.42,4.96
2026-04-09,com.apple.mobilecal,8,0.13,0.0,17845,297.42,4.96
2026-04-09,com.apple.mobilenotes,13,0.22,0.0,17845,297.42,4.96
2026-04-09,com.apple.mobilephone,24,0.4,0.01,17845,297.42,4.96
2026-04-09,com.apple.mobileslideshow,59,0.98,0.02,17845,297.42,4.96
2026-04-09,com.apple.mobiletimer,21,0.35,0.01,17845,297.42,4.96
2026-04-09,com.apple.weather,14,0.23,0.0,17845,297.42,4.96
2026-04-09,com.facebook.Facebook,2180,36.33,0.61,17845,297.42,4.96
2026-04-09,com.facebook.Messenger,315,5.25,0.09,17845,297.42,4.96
2026-04-09,com.google.Maps,499,8.32,0.14,17845,297.42,4.96
2026-04-09,com.google.chrome.ios,9934,165.57,2.76,17845,297.42,4.96
2026-04-09,com.hammerandchisel.discord,312,5.2,0.09,17845,297.42,4.96
2026-04-09,com.hisense.juconnect.connectLife,160,2.67,0.04,17845,297.42,4.96
2026-04-09,com.microsoft.Office.Outlook,36,0.6,0.01,17845,297.42,4.96
2026-04-09,com.microsoft.Office.Word,16,0.27,0.0,17845,297.42,4.96
2026-04-09,com.microsoft.azureauthenticator,14,0.23,0.0,17845,297.42,4.96
2026-04-09,com.openai.chat,551,9.18,0.15,17845,297.42,4.96
2026-04-09,com.poligram.mmobilnost,16,0.27,0.0,17845,297.42,4.96
2026-04-09,com.revolut.revolut,12,0.2,0.0,17845,297.42,4.96
2026-04-09,com.setcce.sipass,38,0.63,0.01,17845,297.42,4.96
2026-04-09,com.spotify.client,42,0.7,0.01,17845,297.42,4.96
2026-04-09,com.toyopagroup.picaboo,1451,24.18,0.4,17845,297.42,4.96
2026-04-09,com.woltapp.wolt,26,0.43,0.01,17845,297.42,4.96
2026-04-10,com.apple.InCallService,1337,22.28,0.37,8637,143.95,2.4
2026-04-10,com.apple.MobileSMS,316,5.27,0.09,8637,143.95,2.4
2026-04-10,com.apple.Passbook,3,0.05,0.0,8637,143.95,2.4
2026-04-10,com.apple.Preferences,180,3.0,0.05,8637,143.95,2.4
2026-04-10,com.apple.SharingViewService,8,0.13,0.0,8637,143.95,2.4
2026-04-10,com.apple.camera,7,0.12,0.0,8637,143.95,2.4
2026-04-10,com.apple.mobilephone,39,0.65,0.01,8637,143.95,2.4
2026-04-10,com.apple.mobileslideshow,36,0.6,0.01,8637,143.95,2.4
2026-04-10,com.facebook.Facebook,84,1.4,0.02,8637,143.95,2.4
2026-04-10,com.facebook.Messenger,19,0.32,0.01,8637,143.95,2.4
2026-04-10,com.google.Gmail,6,0.1,0.0,8637,143.95,2.4
2026-04-10,com.google.chrome.ios,4216,70.27,1.17,8637,143.95,2.4
2026-04-10,com.google.ios.youtube,2,0.03,0.0,8637,143.95,2.4
2026-04-10,com.hammerandchisel.discord,1034,17.23,0.29,8637,143.95,2.4
2026-04-10,com.lidl.eci.lidl.plus,74,1.23,0.02,8637,143.95,2.4
2026-04-10,com.mcdonalds.mobileapp,75,1.25,0.02,8637,143.95,2.4
2026-04-10,com.microsoft.azureauthenticator,9,0.15,0.0,8637,143.95,2.4
2026-04-10,com.nike.omega,94,1.57,0.03,8637,143.95,2.4
2026-04-10,com.notino.notino,113,1.88,0.03,8637,143.95,2.4
2026-04-10,com.revolut.revolut,18,0.3,0.01,8637,143.95,2.4
2026-04-10,com.setcce.sipass,22,0.37,0.01,8637,143.95,2.4
2026-04-10,com.toyopagroup.picaboo,879,14.65,0.24,8637,143.95,2.4
2026-04-10,net.easypark.app,66,1.1,0.02,8637,143.95,2.4
2026-04-11,com.apple.InCallService,193,3.22,0.05,5480,91.33,1.52
2026-04-11,com.apple.MobileSMS,9,0.15,0.0,5480,91.33,1.52
2026-04-11,com.apple.PassbookUIService,59,0.98,0.02,5480,91.33,1.52
2026-04-11,com.apple.Preferences,9,0.15,0.0,5480,91.33,1.52
2026-04-11,com.apple.calculator,302,5.03,0.08,5480,91.33,1.52
2026-04-11,com.apple.camera,31,0.52,0.01,5480,91.33,1.52
2026-04-11,com.apple.mobilephone,11,0.18,0.0,5480,91.33,1.52
2026-04-11,com.apple.mobileslideshow,20,0.33,0.01,5480,91.33,1.52
2026-04-11,com.apple.mobiletimer,36,0.6,0.01,5480,91.33,1.52
2026-04-11,com.facebook.Facebook,593,9.88,0.16,5480,91.33,1.52
2026-04-11,com.facebook.Messenger,4,0.07,0.0,5480,91.33,1.52
2026-04-11,com.google.chrome.ios,434,7.23,0.12,5480,91.33,1.52
2026-04-11,com.google.ios.youtube,2629,43.82,0.73,5480,91.33,1.52
2026-04-11,com.hammerandchisel.discord,188,3.13,0.05,5480,91.33,1.52
2026-04-11,com.lidl.eci.lidl.plus,795,13.25,0.22,5480,91.33,1.52
2026-04-11,com.openai.chat,4,0.07,0.0,5480,91.33,1.52
2026-04-11,com.revolut.revolut,125,2.08,0.03,5480,91.33,1.52
2026-04-11,com.toyopagroup.picaboo,38,0.63,0.01,5480,91.33,1.52
2026-04-12,com.apple.ClockAngel,17,0.28,0.0,5331,88.85,1.48
2026-04-12,com.apple.MobileSMS,17,0.28,0.0,5331,88.85,1.48
2026-04-12,com.apple.Preferences,27,0.45,0.01,5331,88.85,1.48
2026-04-12,com.apple.calculator,126,2.1,0.04,5331,88.85,1.48
2026-04-12,com.apple.camera,6,0.1,0.0,5331,88.85,1.48
2026-04-12,com.apple.mobilecal,12,0.2,0.0,5331,88.85,1.48
2026-04-12,com.apple.mobileslideshow,134,2.23,0.04,5331,88.85,1.48
2026-04-12,com.apple.mobiletimer,4,0.07,0.0,5331,88.85,1.48
2026-04-12,com.facebook.Facebook,2002,33.37,0.56,5331,88.85,1.48
2026-04-12,com.google.chrome.ios,1190,19.83,0.33,5331,88.85,1.48
2026-04-12,com.hammerandchisel.discord,609,10.15,0.17,5331,88.85,1.48
2026-04-12,com.hisense.juconnect.connectLife,24,0.4,0.01,5331,88.85,1.48
2026-04-12,com.microsoft.Office.Outlook,101,1.68,0.03,5331,88.85,1.48
2026-04-12,com.microsoft.azureauthenticator,14,0.23,0.0,5331,88.85,1.48
2026-04-12,com.notino.notino,267,4.45,0.07,5331,88.85,1.48
2026-04-12,com.openai.chat,630,10.5,0.17,5331,88.85,1.48
2026-04-12,com.poligram.mmobilnost,15,0.25,0.0,5331,88.85,1.48
2026-04-12,com.toyopagroup.picaboo,136,2.27,0.04,5331,88.85,1.48
2026-04-13,com.apple.BarcodeScanner,29,0.48,0.01,7630,127.17,2.12
2026-04-13,com.apple.ClockAngel,39,0.65,0.01,7630,127.17,2.12
2026-04-13,com.apple.InCallService,861,14.35,0.24,7630,127.17,2.12
2026-04-13,com.apple.MobileSMS,447,7.45,0.12,7630,127.17,2.12
2026-04-13,com.apple.PassbookUIService,81,1.35,0.02,7630,127.17,2.12
2026-04-13,com.apple.Preferences,9,0.15,0.0,7630,127.17,2.12
2026-04-13,com.apple.calculator,175,2.92,0.05,7630,127.17,2.12
2026-04-13,com.apple.camera,3,0.05,0.0,7630,127.17,2.12
2026-04-13,com.apple.mobilephone,41,0.68,0.01,7630,127.17,2.12
2026-04-13,com.apple.mobiletimer,26,0.43,0.01,7630,127.17,2.12
2026-04-13,com.facebook.Facebook,187,3.12,0.05,7630,127.17,2.12
2026-04-13,com.facebook.Messenger,11,0.18,0.0,7630,127.17,2.12
2026-04-13,com.google.chrome.ios,4297,71.62,1.19,7630,127.17,2.12
2026-04-13,com.hammerandchisel.discord,331,5.52,0.09,7630,127.17,2.12
2026-04-13,com.microsoft.Office.Outlook,101,1.68,0.03,7630,127.17,2.12
2026-04-13,com.microsoft.azureauthenticator,12,0.2,0.0,7630,127.17,2.12
2026-04-13,com.openai.chat,509,8.48,0.14,7630,127.17,2.12
2026-04-13,com.poligram.mmobilnost,14,0.23,0.0,7630,127.17,2.12
2026-04-13,com.revolut.revolut,137,2.28,0.04,7630,127.17,2.12
2026-04-13,com.toyopagroup.picaboo,102,1.7,0.03,7630,127.17,2.12
2026-04-13,com.woltapp.wolt,218,3.63,0.06,7630,127.17,2.12
2026-04-14,com.apple.ClockAngel,39,0.65,0.01,8333,138.88,2.31
2026-04-14,com.apple.InCallService,266,4.43,0.07,8333,138.88,2.31
2026-04-14,com.apple.MobileSMS,427,7.12,0.12,8333,138.88,2.31
2026-04-14,com.apple.PassbookUIService,41,0.68,0.01,8333,138.88,2.31
2026-04-14,com.apple.Preferences,24,0.4,0.01,8333,138.88,2.31
2026-04-14,com.apple.SharingViewService,21,0.35,0.01,8333,138.88,2.31
2026-04-14,com.apple.camera,6,0.1,0.0,8333,138.88,2.31
2026-04-14,com.apple.mobilecal,2,0.03,0.0,8333,138.88,2.31
2026-04-14,com.apple.mobilenotes,428,7.13,0.12,8333,138.88,2.31
2026-04-14,com.apple.mobilephone,36,0.6,0.01,8333,138.88,2.31
2026-04-14,com.apple.mobileslideshow,129,2.15,0.04,8333,138.88,2.31
2026-04-14,com.apple.mobiletimer,69,1.15,0.02,8333,138.88,2.31
2026-04-14,com.facebook.Facebook,1339,22.32,0.37,8333,138.88,2.31
2026-04-14,com.google.Gmail,9,0.15,0.0,8333,138.88,2.31
2026-04-14,com.google.chrome.ios,4401,73.35,1.22,8333,138.88,2.31
2026-04-14,com.hammerandchisel.discord,796,13.27,0.22,8333,138.88,2.31
2026-04-14,com.microsoft.Office.Outlook,58,0.97,0.02,8333,138.88,2.31
2026-04-14,com.microsoft.Office.Word,13,0.22,0.0,8333,138.88,2.31
2026-04-14,com.microsoft.azureauthenticator,6,0.1,0.0,8333,138.88,2.31
2026-04-14,com.poligram.mmobilnost,21,0.35,0.01,8333,138.88,2.31
2026-04-14,com.setcce.sipass,18,0.3,0.01,8333,138.88,2.31
2026-04-14,com.toyopagroup.picaboo,59,0.98,0.02,8333,138.88,2.31
2026-04-14,com.woltapp.wolt,125,2.08,0.03,8333,138.88,2.31
2026-04-15,com.apple.InCallService,1063,17.72,0.3,5088,84.8,1.41
2026-04-15,com.apple.MobileSMS,143,2.38,0.04,5088,84.8,1.41
2026-04-15,com.apple.Preferences,59,0.98,0.02,5088,84.8,1.41
2026-04-15,com.apple.calculator,68,1.13,0.02,5088,84.8,1.41
2026-04-15,com.apple.camera,33,0.55,0.01,5088,84.8,1.41
2026-04-15,com.apple.mobilenotes,37,0.62,0.01,5088,84.8,1.41
2026-04-15,com.apple.mobilephone,25,0.42,0.01,5088,84.8,1.41
2026-04-15,com.apple.mobileslideshow,71,1.18,0.02,5088,84.8,1.41
2026-04-15,com.facebook.Facebook,1420,23.67,0.39,5088,84.8,1.41
2026-04-15,com.facebook.Messenger,292,4.87,0.08,5088,84.8,1.41
2026-04-15,com.google.chrome.ios,210,3.5,0.06,5088,84.8,1.41
2026-04-15,com.hammerandchisel.discord,556,9.27,0.15,5088,84.8,1.41
2026-04-15,com.hisense.juconnect.connectLife,8,0.13,0.0,5088,84.8,1.41
2026-04-15,com.klarna.app,3,0.05,0.0,5088,84.8,1.41
2026-04-15,com.microsoft.Office.Outlook,53,0.88,0.01,5088,84.8,1.41
2026-04-15,com.revolut.revolut,120,2.0,0.03,5088,84.8,1.41
2026-04-15,com.spotify.client,78,1.3,0.02,5088,84.8,1.41
2026-04-15,com.toyopagroup.picaboo,794,13.23,0.22,5088,84.8,1.41
2026-04-15,net.easypark.app,55,0.92,0.02,5088,84.8,1.41
2026-04-16,com.apple.ContinuityCaptureShieldUI,3,0.05,0.0,5516,91.93,1.53
2026-04-16,com.apple.InCallService,22,0.37,0.01,5516,91.93,1.53
2026-04-16,com.apple.MobileSMS,142,2.37,0.04,5516,91.93,1.53
2026-04-16,com.apple.Preferences,16,0.27,0.0,5516,91.93,1.53
2026-04-16,com.apple.calculator,65,1.08,0.02,5516,91.93,1.53
2026-04-16,com.apple.camera,0,0.0,0.0,5516,91.93,1.53
2026-04-16,com.apple.mobilecal,57,0.95,0.02,5516,91.93,1.53
2026-04-16,com.apple.mobilephone,1,0.02,0.0,5516,91.93,1.53
2026-04-16,com.facebook.Facebook,1439,23.98,0.4,5516,91.93,1.53
2026-04-16,com.facebook.Messenger,3,0.05,0.0,5516,91.93,1.53
2026-04-16,com.google.chrome.ios,3130,52.17,0.87,5516,91.93,1.53
2026-04-16,com.hammerandchisel.discord,411,6.85,0.11,5516,91.93,1.53
2026-04-16,com.hisense.juconnect.connectLife,5,0.08,0.0,5516,91.93,1.53
2026-04-16,com.microsoft.Office.Outlook,10,0.17,0.0,5516,91.93,1.53
2026-04-16,com.microsoft.azureauthenticator,15,0.25,0.0,5516,91.93,1.53
2026-04-16,com.openai.chat,47,0.78,0.01,5516,91.93,1.53
2026-04-16,com.spotify.client,11,0.18,0.0,5516,91.93,1.53
2026-04-16,com.toyopagroup.picaboo,139,2.32,0.04,5516,91.93,1.53
2026-04-17,com.apple.InCallService,1348,22.47,0.37,10961,182.68,3.04
2026-04-17,com.apple.MobileSMS,214,3.57,0.06,10961,182.68,3.04
2026-04-17,com.apple.PassbookUIService,2,0.03,0.0,10961,182.68,3.04
2026-04-17,com.apple.Preferences,7,0.12,0.0,10961,182.68,3.04
2026-04-17,com.apple.calculator,194,3.23,0.05,10961,182.68,3.04
2026-04-17,com.apple.camera,19,0.32,0.01,10961,182.68,3.04
2026-04-17,com.apple.findmy,15,0.25,0.0,10961,182.68,3.04
2026-04-17,com.apple.mobilephone,129,2.15,0.04,10961,182.68,3.04
2026-04-17,com.apple.mobileslideshow,52,0.87,0.01,10961,182.68,3.04
2026-04-17,com.apple.mobiletimer,9,0.15,0.0,10961,182.68,3.04
2026-04-17,com.facebook.Facebook,825,13.75,0.23,10961,182.68,3.04
2026-04-17,com.facebook.Messenger,26,0.43,0.01,10961,182.68,3.04
2026-04-17,com.google.chrome.ios,6761,112.68,1.88,10961,182.68,3.04
2026-04-17,com.google.ios.youtube,91,1.52,0.03,10961,182.68,3.04
2026-04-17,com.hammerandchisel.discord,668,11.13,0.19,10961,182.68,3.04
2026-04-17,com.klarna.app,1,0.02,0.0,10961,182.68,3.04
2026-04-17,com.lidl.eci.lidl.plus,154,2.57,0.04,10961,182.68,3.04
2026-04-17,com.mcdonalds.mobileapp,249,4.15,0.07,10961,182.68,3.04
2026-04-17,com.microsoft.Office.Outlook,18,0.3,0.01,10961,182.68,3.04
2026-04-17,com.openai.chat,7,0.12,0.0,10961,182.68,3.04
2026-04-17,com.spotify.client,3,0.05,0.0,10961,182.68,3.04
2026-04-17,com.toyopagroup.picaboo,87,1.45,0.02,10961,182.68,3.04
2026-04-17,net.easypark.app,82,1.37,0.02,10961,182.68,3.04
2026-04-18,com.apple.ClockAngel,22,0.37,0.01,1660,27.67,0.46
2026-04-18,com.apple.Fitness,98,1.63,0.03,1660,27.67,0.46
2026-04-18,com.apple.MobileSMS,44,0.73,0.01,1660,27.67,0.46
2026-04-18,com.apple.Preferences,27,0.45,0.01,1660,27.67,0.46
2026-04-18,com.apple.camera,0,0.0,0.0,1660,27.67,0.46
2026-04-18,com.apple.mobileslideshow,157,2.62,0.04,1660,27.67,0.46
2026-04-18,com.apple.mobiletimer,1,0.02,0.0,1660,27.67,0.46
2026-04-18,com.facebook.Facebook,567,9.45,0.16,1660,27.67,0.46
2026-04-18,com.facebook.Messenger,65,1.08,0.02,1660,27.67,0.46
2026-04-18,com.google.chrome.ios,257,4.28,0.07,1660,27.67,0.46
2026-04-18,com.hammerandchisel.discord,265,4.42,0.07,1660,27.67,0.46
2026-04-18,com.hisense.juconnect.connectLife,4,0.07,0.0,1660,27.67,0.46
2026-04-18,com.klarna.app,5,0.08,0.0,1660,27.67,0.46
2026-04-18,com.microsoft.Office.Outlook,20,0.33,0.01,1660,27.67,0.46
2026-04-18,com.toyopagroup.picaboo,128,2.13,0.04,1660,27.67,0.46
2026-04-19,com.apple.InCallService,1174,19.57,0.33,3938,65.63,1.09
2026-04-19,com.apple.MobileSMS,189,3.15,0.05,3938,65.63,1.09
2026-04-19,com.apple.calculator,257,4.28,0.07,3938,65.63,1.09
2026-04-19,com.apple.camera,115,1.92,0.03,3938,65.63,1.09
2026-04-19,com.apple.mobilephone,10,0.17,0.0,3938,65.63,1.09
2026-04-19,com.apple.mobileslideshow,72,1.2,0.02,3938,65.63,1.09
2026-04-19,com.facebook.Facebook,450,7.5,0.12,3938,65.63,1.09
2026-04-19,com.google.Gmail,16,0.27,0.0,3938,65.63,1.09
2026-04-19,com.google.chrome.ios,594,9.9,0.17,3938,65.63,1.09
2026-04-19,com.google.ios.youtube,907,15.12,0.25,3938,65.63,1.09
2026-04-19,com.hammerandchisel.discord,80,1.33,0.02,3938,65.63,1.09
2026-04-19,com.microsoft.Office.Outlook,17,0.28,0.0,3938,65.63,1.09
2026-04-19,com.toyopagroup.picaboo,57,0.95,0.02,3938,65.63,1.09
2026-04-20,com.apple.InCallService,1239,20.65,0.34,9290,154.83,2.58
2026-04-20,com.apple.MobileSMS,1009,16.82,0.28,9290,154.83,2.58
2026-04-20,com.apple.Preferences,31,0.52,0.01,9290,154.83,2.58
2026-04-20,com.apple.calculator,64,1.07,0.02,9290,154.83,2.58
2026-04-20,com.apple.camera,201,3.35,0.06,9290,154.83,2.58
2026-04-20,com.apple.mobilenotes,134,2.23,0.04,9290,154.83,2.58
2026-04-20,com.apple.mobilephone,28,0.47,0.01,9290,154.83,2.58
2026-04-20,com.apple.mobileslideshow,227,3.78,0.06,9290,154.83,2.58
2026-04-20,com.facebook.Facebook,3718,61.97,1.03,9290,154.83,2.58
2026-04-20,com.google.Gmail,54,0.9,0.01,9290,154.83,2.58
2026-04-20,com.google.chrome.ios,1131,18.85,0.31,9290,154.83,2.58
2026-04-20,com.hammerandchisel.discord,816,13.6,0.23,9290,154.83,2.58
2026-04-20,com.microsoft.Office.Outlook,3,0.05,0.0,9290,154.83,2.58
2026-04-20,com.microsoft.azureauthenticator,18,0.3,0.01,9290,154.83,2.58
2026-04-20,com.spotify.client,11,0.18,0.0,9290,154.83,2.58
2026-04-20,com.toyopagroup.picaboo,482,8.03,0.13,9290,154.83,2.58
2026-04-20,net.easypark.app,124,2.07,0.03,9290,154.83,2.58
2026-04-21,com.Margento.SSSP,24,0.4,0.01,7859,130.98,2.18
2026-04-21,com.apple.InCallService,754,12.57,0.21,7859,130.98,2.18
2026-04-21,com.apple.MobileSMS,757,12.62,0.21,7859,130.98,2.18
2026-04-21,com.apple.PassbookUIService,11,0.18,0.0,7859,130.98,2.18
2026-04-21,com.apple.Preferences,8,0.13,0.0,7859,130.98,2.18
2026-04-21,com.apple.calculator,24,0.4,0.01,7859,130.98,2.18
2026-04-21,com.apple.camera,0,0.0,0.0,7859,130.98,2.18
2026-04-21,com.apple.mobilenotes,195,3.25,0.05,7859,130.98,2.18
2026-04-21,com.apple.mobilephone,13,0.22,0.0,7859,130.98,2.18
2026-04-21,com.apple.mobileslideshow,232,3.87,0.06,7859,130.98,2.18
2026-04-21,com.facebook.Facebook,1445,24.08,0.4,7859,130.98,2.18
2026-04-21,com.facebook.Messenger,36,0.6,0.01,7859,130.98,2.18
2026-04-21,com.google.chrome.ios,2881,48.02,0.8,7859,130.98,2.18
2026-04-21,com.hammerandchisel.discord,238,3.97,0.07,7859,130.98,2.18
2026-04-21,com.openai.chat,725,12.08,0.2,7859,130.98,2.18
2026-04-21,com.toyopagroup.picaboo,481,8.02,0.13,7859,130.98,2.18
2026-04-21,net.easypark.app,35,0.58,0.01,7859,130.98,2.18
2026-04-22,com.apple.InCallService,259,4.32,0.07,8624,143.73,2.4
2026-04-22,com.apple.MobileSMS,356,5.93,0.1,8624,143.73,2.4
2026-04-22,com.apple.PassbookUIService,1,0.02,0.0,8624,143.73,2.4
2026-04-22,com.apple.Preferences,23,0.38,0.01,8624,143.73,2.4
2026-04-22,com.apple.calculator,101,1.68,0.03,8624,143.73,2.4
2026-04-22,com.apple.camera,12,0.2,0.0,8624,143.73,2.4
2026-04-22,com.apple.findmy,21,0.35,0.01,8624,143.73,2.4
2026-04-22,com.apple.mobilecal,39,0.65,0.01,8624,143.73,2.4
2026-04-22,com.apple.mobilephone,6,0.1,0.0,8624,143.73,2.4
2026-04-22,com.apple.mobileslideshow,13,0.22,0.0,8624,143.73,2.4
2026-04-22,com.facebook.Facebook,56,0.93,0.02,8624,143.73,2.4
2026-04-22,com.facebook.Messenger,95,1.58,0.03,8624,143.73,2.4
2026-04-22,com.google.chrome.ios,4090,68.17,1.14,8624,143.73,2.4
2026-04-22,com.hammerandchisel.discord,2369,39.48,0.66,8624,143.73,2.4
2026-04-22,com.microsoft.Office.Outlook,25,0.42,0.01,8624,143.73,2.4
2026-04-22,com.openai.chat,513,8.55,0.14,8624,143.73,2.4
2026-04-22,com.spotify.client,68,1.13,0.02,8624,143.73,2.4
2026-04-22,com.toyopagroup.picaboo,577,9.62,0.16,8624,143.73,2.4
2026-04-23,com.apple.ClockAngel,10,0.17,0.0,16329,272.15,4.54
2026-04-23,com.apple.InCallService,1829,30.48,0.51,16329,272.15,4.54
2026-04-23,com.apple.MobileSMS,464,7.73,0.13,16329,272.15,4.54
2026-04-23,com.apple.Preferences,13,0.22,0.0,16329,272.15,4.54
2026-04-23,com.apple.SharingViewService,11,0.18,0.0,16329,272.15,4.54
2026-04-23,com.apple.camera,12,0.2,0.0,16329,272.15,4.54
2026-04-23,com.apple.mobilephone,13,0.22,0.0,16329,272.15,4.54
2026-04-23,com.apple.mobiletimer,3,0.05,0.0,16329,272.15,4.54
2026-04-23,com.apple.weather,40,0.67,0.01,16329,272.15,4.54
2026-04-23,com.facebook.Facebook,948,15.8,0.26,16329,272.15,4.54
2026-04-23,com.google.Gmail,2,0.03,0.0,16329,272.15,4.54
2026-04-23,com.google.chrome.ios,11071,184.52,3.08,16329,272.15,4.54
2026-04-23,com.hammerandchisel.discord,870,14.5,0.24,16329,272.15,4.54
2026-04-23,com.lidl.eci.lidl.plus,54,0.9,0.01,16329,272.15,4.54
2026-04-23,com.microsoft.Office.Outlook,5,0.08,0.0,16329,272.15,4.54
2026-04-23,com.poligram.mmobilnost,35,0.58,0.01,16329,272.15,4.54
2026-04-23,com.revolut.revolut,79,1.32,0.02,16329,272.15,4.54
2026-04-23,com.setcce.sipass,109,1.82,0.03,16329,272.15,4.54
2026-04-23,com.spotify.client,3,0.05,0.0,16329,272.15,4.54
2026-04-23,com.toyopagroup.picaboo,758,12.63,0.21,16329,272.15,4.54
2026-04-24,com.apple.InCallService,1365,22.75,0.38,14506,241.77,4.03
2026-04-24,com.apple.MobileSMS,276,4.6,0.08,14506,241.77,4.03
2026-04-24,com.apple.PassbookUIService,33,0.55,0.01,14506,241.77,4.03
2026-04-24,com.apple.Preferences,15,0.25,0.0,14506,241.77,4.03
2026-04-24,com.apple.calculator,94,1.57,0.03,14506,241.77,4.03
2026-04-24,com.apple.camera,0,0.0,0.0,14506,241.77,4.03
2026-04-24,com.apple.mobilephone,60,1.0,0.02,14506,241.77,4.03
2026-04-24,com.apple.mobileslideshow,3,0.05,0.0,14506,241.77,4.03
2026-04-24,com.apple.weather,26,0.43,0.01,14506,241.77,4.03
2026-04-24,com.facebook.Facebook,400,6.67,0.11,14506,241.77,4.03
2026-04-24,com.facebook.Messenger,46,0.77,0.01,14506,241.77,4.03
2026-04-24,com.google.Gmail,44,0.73,0.01,14506,241.77,4.03
2026-04-24,com.google.chrome.ios,7528,125.47,2.09,14506,241.77,4.03
2026-04-24,com.google.ios.youtube,1026,17.1,0.28,14506,241.77,4.03
2026-04-24,com.gymshark.store,1006,16.77,0.28,14506,241.77,4.03
2026-04-24,com.hammerandchisel.discord,1287,21.45,0.36,14506,241.77,4.03
2026-04-24,com.lidl.eci.lidl.plus,245,4.08,0.07,14506,241.77,4.03
2026-04-24,com.microsoft.Office.Outlook,11,0.18,0.0,14506,241.77,4.03
2026-04-24,com.nike.omega,531,8.85,0.15,14506,241.77,4.03
2026-04-24,com.notino.notino,2,0.03,0.0,14506,241.77,4.03
2026-04-24,com.openai.chat,118,1.97,0.03,14506,241.77,4.03
2026-04-24,com.toyopagroup.picaboo,126,2.1,0.04,14506,241.77,4.03
2026-04-24,net.easypark.app,264,4.4,0.07,14506,241.77,4.03
2026-04-25,com.apple.AppStore,23,0.38,0.01,4489,74.82,1.25
2026-04-25,com.apple.AuthKitUIService,2,0.03,0.0,4489,74.82,1.25
2026-04-25,com.apple.InCallService,188,3.13,0.05,4489,74.82,1.25
2026-04-25,com.apple.LocalAuthenticationUIService,2,0.03,0.0,4489,74.82,1.25
2026-04-25,com.apple.MobileSMS,201,3.35,0.06,4489,74.82,1.25
2026-04-25,com.apple.PassbookUIService,31,0.52,0.01,4489,74.82,1.25
2026-04-25,com.apple.Preferences,6,0.1,0.0,4489,74.82,1.25
2026-04-25,com.apple.calculator,42,0.7,0.01,4489,74.82,1.25
2026-04-25,com.apple.camera,1,0.02,0.0,4489,74.82,1.25
2026-04-25,com.apple.mobilephone,16,0.27,0.0,4489,74.82,1.25
2026-04-25,com.apple.mobileslideshow,28,0.47,0.01,4489,74.82,1.25
2026-04-25,com.bestsecret.BestSecret,55,0.92,0.02,4489,74.82,1.25
2026-04-25,com.facebook.Facebook,60,1.0,0.02,4489,74.82,1.25
2026-04-25,com.facebook.Messenger,10,0.17,0.0,4489,74.82,1.25
2026-04-25,com.google.Gmail,17,0.28,0.0,4489,74.82,1.25
2026-04-25,com.google.Maps,58,0.97,0.02,4489,74.82,1.25
2026-04-25,com.google.chrome.ios,529,8.82,0.15,4489,74.82,1.25
2026-04-25,com.google.ios.youtube,672,11.2,0.19,4489,74.82,1.25
2026-04-25,com.gymshark.store,200,3.33,0.06,4489,74.82,1.25
2026-04-25,com.hammerandchisel.discord,317,5.28,0.09,4489,74.82,1.25
2026-04-25,com.hisense.juconnect.connectLife,101,1.68,0.03,4489,74.82,1.25
2026-04-25,com.mcdonalds.mobileapp,81,1.35,0.02,4489,74.82,1.25
2026-04-25,com.nike.omega,1172,19.53,0.33,4489,74.82,1.25
2026-04-25,com.runbuddy.prod,299,4.98,0.08,4489,74.82,1.25
2026-04-25,com.strava.stravaride,124,2.07,0.03,4489,74.82,1.25
2026-04-25,com.toyopagroup.picaboo,254,4.23,0.07,4489,74.82,1.25
2026-04-26,com.apple.InCallService,3,0.05,0.0,7766,129.43,2.16
2026-04-26,com.apple.MobileSMS,319,5.32,0.09,7766,129.43,2.16
2026-04-26,com.apple.Passbook,4,0.07,0.0,7766,129.43,2.16
2026-04-26,com.apple.Preferences,11,0.18,0.0,7766,129.43,2.16
2026-04-26,com.apple.ScreenshotServicesService,9,0.15,0.0,7766,129.43,2.16
2026-04-26,com.apple.calculator,134,2.23,0.04,7766,129.43,2.16
2026-04-26,com.apple.mobilecal,20,0.33,0.01,7766,129.43,2.16
2026-04-26,com.apple.mobilephone,1,0.02,0.0,7766,129.43,2.16
2026-04-26,com.apple.mobileslideshow,675,11.25,0.19,7766,129.43,2.16
2026-04-26,com.facebook.Facebook,720,12.0,0.2,7766,129.43,2.16
2026-04-26,com.facebook.Messenger,12,0.2,0.0,7766,129.43,2.16
2026-04-26,com.google.Gmail,25,0.42,0.01,7766,129.43,2.16
2026-04-26,com.google.chrome.ios,2446,40.77,0.68,7766,129.43,2.16
2026-04-26,com.google.ios.youtube,461,7.68,0.13,7766,129.43,2.16
2026-04-26,com.gymshark.store,417,6.95,0.12,7766,129.43,2.16
2026-04-26,com.hammerandchisel.discord,53,0.88,0.01,7766,129.43,2.16
2026-04-26,com.nike.omega,1833,30.55,0.51,7766,129.43,2.16
2026-04-26,com.openai.chat,172,2.87,0.05,7766,129.43,2.16
2026-04-26,com.revolut.revolut,266,4.43,0.07,7766,129.43,2.16
2026-04-26,com.runbuddy.prod,11,0.18,0.0,7766,129.43,2.16
2026-04-26,com.toyopagroup.picaboo,174,2.9,0.05,7766,129.43,2.16
2026-04-27,com.apple.AppStore,355,5.92,0.1,7003,116.72,1.95
2026-04-27,com.apple.ClockAngel,17,0.28,0.0,7003,116.72,1.95
2026-04-27,com.apple.DocumentsApp,1,0.02,0.0,7003,116.72,1.95
2026-04-27,com.apple.InCallService,228,3.8,0.06,7003,116.72,1.95
2026-04-27,com.apple.MobileSMS,106,1.77,0.03,7003,116.72,1.95
2026-04-27,com.apple.Passbook,19,0.32,0.01,7003,116.72,1.95
2026-04-27,com.apple.PassbookUIService,3,0.05,0.0,7003,116.72,1.95
2026-04-27,com.apple.calculator,33,0.55,0.01,7003,116.72,1.95
2026-04-27,com.apple.mobilephone,9,0.15,0.0,7003,116.72,1.95
2026-04-27,com.apple.mobileslideshow,24,0.4,0.01,7003,116.72,1.95
2026-04-27,com.apple.mobiletimer,12,0.2,0.0,7003,116.72,1.95
2026-04-27,com.facebook.Facebook,1333,22.22,0.37,7003,116.72,1.95
2026-04-27,com.facebook.Messenger,87,1.45,0.02,7003,116.72,1.95
2026-04-27,com.google.Gmail,205,3.42,0.06,7003,116.72,1.95
2026-04-27,com.google.chrome.ios,1191,19.85,0.33,7003,116.72,1.95
2026-04-27,com.hammerandchisel.discord,1336,22.27,0.37,7003,116.72,1.95
2026-04-27,com.hisense.juconnect.connectLife,3,0.05,0.0,7003,116.72,1.95
2026-04-27,com.microsoft.Office.Outlook,13,0.22,0.0,7003,116.72,1.95
2026-04-27,com.openai.chat,526,8.77,0.15,7003,116.72,1.95
2026-04-27,com.revolut.revolut,613,10.22,0.17,7003,116.72,1.95
2026-04-27,com.runbuddy.prod,10,0.17,0.0,7003,116.72,1.95
2026-04-27,com.toyopagroup.picaboo,141,2.35,0.04,7003,116.72,1.95
2026-04-27,com.woltapp.wolt,738,12.3,0.2,7003,116.72,1.95
2026-04-28,com.apple.AppStore,3,0.05,0.0,2688,44.8,0.75
2026-04-28,com.apple.ContinuityCaptureShieldUI,25,0.42,0.01,2688,44.8,0.75
2026-04-28,com.apple.InCallService,250,4.17,0.07,2688,44.8,0.75
2026-04-28,com.apple.MobileSMS,61,1.02,0.02,2688,44.8,0.75
2026-04-28,com.apple.calculator,392,6.53,0.11,2688,44.8,0.75
2026-04-28,com.apple.camera,0,0.0,0.0,2688,44.8,0.75
2026-04-28,com.apple.findmy,25,0.42,0.01,2688,44.8,0.75
2026-04-28,com.apple.mobilephone,9,0.15,0.0,2688,44.8,0.75
2026-04-28,com.einnovation.temu,87,1.45,0.02,2688,44.8,0.75
2026-04-28,com.github.stormbreaker.prod,265,4.42,0.07,2688,44.8,0.75
2026-04-28,com.google.chrome.ios,196,3.27,0.05,2688,44.8,0.75
2026-04-28,com.google.ios.youtube,1,0.02,0.0,2688,44.8,0.75
2026-04-28,com.gymshark.store,11,0.18,0.0,2688,44.8,0.75
2026-04-28,com.hammerandchisel.discord,353,5.88,0.1,2688,44.8,0.75
2026-04-28,com.lidl.eci.lidl.plus,32,0.53,0.01,2688,44.8,0.75
2026-04-28,com.mcdonalds.mobileapp,2,0.03,0.0,2688,44.8,0.75
2026-04-28,com.microsoft.Office.Outlook,8,0.13,0.0,2688,44.8,0.75
2026-04-28,com.microsoft.azureauthenticator,2,0.03,0.0,2688,44.8,0.75
2026-04-28,com.nike.omega,12,0.2,0.0,2688,44.8,0.75
2026-04-28,com.openai.chat,5,0.08,0.0,2688,44.8,0.75
2026-04-28,com.revolut.revolut,292,4.87,0.08,2688,44.8,0.75
2026-04-28,com.runbuddy.prod,59,0.98,0.02,2688,44.8,0.75
2026-04-28,com.spotify.client,5,0.08,0.0,2688,44.8,0.75
2026-04-28,com.strava.stravaride,22,0.37,0.01,2688,44.8,0.75
2026-04-28,com.toyopagroup.picaboo,571,9.52,0.16,2688,44.8,0.75
2026-04-29,com.apple.HeadphoneProxService,3,0.05,0.0,3184,53.07,0.88
2026-04-29,com.apple.InCallService,195,3.25,0.05,3184,53.07,0.88
2026-04-29,com.apple.MobileSMS,469,7.82,0.13,3184,53.07,0.88
2026-04-29,com.apple.PassbookUIService,5,0.08,0.0,3184,53.07,0.88
2026-04-29,com.apple.Preferences,21,0.35,0.01,3184,53.07,0.88
2026-04-29,com.apple.camera,21,0.35,0.01,3184,53.07,0.88
2026-04-29,com.apple.mobilecal,4,0.07,0.0,3184,53.07,0.88
2026-04-29,com.apple.mobilephone,33,0.55,0.01,3184,53.07,0.88
2026-04-29,com.apple.mobileslideshow,106,1.77,0.03,3184,53.07,0.88
2026-04-29,com.einnovation.temu,21,0.35,0.01,3184,53.07,0.88
2026-04-29,com.github.stormbreaker.prod,47,0.78,0.01,3184,53.07,0.88
2026-04-29,com.google.Gmail,29,0.48,0.01,3184,53.07,0.88
2026-04-29,com.google.Maps,86,1.43,0.02,3184,53.07,0.88
2026-04-29,com.google.chrome.ios,1388,23.13,0.39,3184,53.07,0.88
2026-04-29,com.hammerandchisel.discord,75,1.25,0.02,3184,53.07,0.88
2026-04-29,com.klarna.app,22,0.37,0.01,3184,53.07,0.88
2026-04-29,com.microsoft.Office.Outlook,9,0.15,0.0,3184,53.07,0.88
2026-04-29,com.openai.chat,254,4.23,0.07,3184,53.07,0.88
2026-04-29,com.revolut.revolut,8,0.13,0.0,3184,53.07,0.88
2026-04-29,com.runbuddy.prod,29,0.48,0.01,3184,53.07,0.88
2026-04-29,com.spotify.client,30,0.5,0.01,3184,53.07,0.88
2026-04-29,com.toyopagroup.picaboo,329,5.48,0.09,3184,53.07,0.88
2026-04-30,com.apple.InCallService,1156,19.27,0.32,5444,90.73,1.51
2026-04-30,com.apple.MobileSMS,538,8.97,0.15,5444,90.73,1.51
2026-04-30,com.apple.PosterBoard,4,0.07,0.0,5444,90.73,1.51
2026-04-30,com.apple.calculator,132,2.2,0.04,5444,90.73,1.51
2026-04-30,com.apple.camera,7,0.12,0.0,5444,90.73,1.51
2026-04-30,com.apple.mobilephone,172,2.87,0.05,5444,90.73,1.51
2026-04-30,com.apple.mobileslideshow,21,0.35,0.01,5444,90.73,1.51
2026-04-30,com.facebook.Facebook,719,11.98,0.2,5444,90.73,1.51
2026-04-30,com.google.Gmail,115,1.92,0.03,5444,90.73,1.51
2026-04-30,com.google.GoogleMobile,82,1.37,0.02,5444,90.73,1.51
2026-04-30,com.google.Maps,328,5.47,0.09,5444,90.73,1.51
2026-04-30,com.google.chrome.ios,1146,19.1,0.32,5444,90.73,1.51
2026-04-30,com.hammerandchisel.discord,162,2.7,0.04,5444,90.73,1.51
2026-04-30,com.revolut.revolut,659,10.98,0.18,5444,90.73,1.51
2026-04-30,com.toyopagroup.picaboo,203,3.38,0.06,5444,90.73,1.51
2026-05-01,com.apple.InCallService,60,1.0,0.02,1683,28.05,0.47
2026-05-01,com.apple.LocalAuthenticationUIService,2,0.03,0.0,1683,28.05,0.47
2026-05-01,com.apple.Maps,4,0.07,0.0,1683,28.05,0.47
2026-05-01,com.apple.MobileSMS,447,7.45,0.12,1683,28.05,0.47
2026-05-01,com.apple.Preferences,10,0.17,0.0,1683,28.05,0.47
2026-05-01,com.apple.camera,20,0.33,0.01,1683,28.05,0.47
2026-05-01,com.apple.mobilephone,6,0.1,0.0,1683,28.05,0.47
2026-05-01,com.apple.mobileslideshow,119,1.98,0.03,1683,28.05,0.47
2026-05-01,com.einnovation.temu,71,1.18,0.02,1683,28.05,0.47
2026-05-01,com.facebook.Facebook,13,0.22,0.0,1683,28.05,0.47
2026-05-01,com.facebook.Messenger,7,0.12,0.0,1683,28.05,0.47
2026-05-01,com.google.Gmail,52,0.87,0.01,1683,28.05,0.47
2026-05-01,com.google.chrome.ios,175,2.92,0.05,1683,28.05,0.47
2026-05-01,com.hammerandchisel.discord,58,0.97,0.02,1683,28.05,0.47
2026-05-01,com.microsoft.Office.Outlook,3,0.05,0.0,1683,28.05,0.47
2026-05-01,com.openai.chat,86,1.43,0.02,1683,28.05,0.47
2026-05-01,com.revolut.revolut,91,1.52,0.03,1683,28.05,0.47
2026-05-01,com.toyopagroup.picaboo,459,7.65,0.13,1683,28.05,0.47
2026-05-02,com.apple.ContinuityCaptureShieldUI,4,0.07,0.0,4995,83.25,1.39
2026-05-02,com.apple.InCallService,405,6.75,0.11,4995,83.25,1.39
2026-05-02,com.apple.MobileSMS,389,6.48,0.11,4995,83.25,1.39
2026-05-02,com.apple.PassbookUIService,34,0.57,0.01,4995,83.25,1.39
2026-05-02,com.apple.Preferences,8,0.13,0.0,4995,83.25,1.39
2026-05-02,com.apple.calculator,49,0.82,0.01,4995,83.25,1.39
2026-05-02,com.apple.camera,0,0.0,0.0,4995,83.25,1.39
2026-05-02,com.apple.mobilecal,42,0.7,0.01,4995,83.25,1.39
2026-05-02,com.apple.mobilephone,65,1.08,0.02,4995,83.25,1.39
2026-05-02,com.apple.mobileslideshow,22,0.37,0.01,4995,83.25,1.39
2026-05-02,com.google.Gmail,95,1.58,0.03,4995,83.25,1.39
2026-05-02,com.google.Maps,6,0.1,0.0,4995,83.25,1.39
2026-05-02,com.google.chrome.ios,1831,30.52,0.51,4995,83.25,1.39
2026-05-02,com.google.ios.youtube,354,5.9,0.1,4995,83.25,1.39
2026-05-02,com.gymshark.store,466,7.77,0.13,4995,83.25,1.39
2026-05-02,com.hammerandchisel.discord,393,6.55,0.11,4995,83.25,1.39
2026-05-02,com.lidl.eci.lidl.plus,322,5.37,0.09,4995,83.25,1.39
2026-05-02,com.runbuddy.prod,89,1.48,0.02,4995,83.25,1.39
2026-05-02,com.spotify.client,54,0.9,0.01,4995,83.25,1.39
2026-05-02,com.toyopagroup.picaboo,367,6.12,0.1,4995,83.25,1.39
2026-05-03,com.apple.ClockAngel,11,0.18,0.0,3439,57.32,0.96
2026-05-03,com.apple.InCallService,841,14.02,0.23,3439,57.32,0.96
2026-05-03,com.apple.MobileSMS,185,3.08,0.05,3439,57.32,0.96
2026-05-03,com.apple.Preferences,21,0.35,0.01,3439,57.32,0.96
2026-05-03,com.apple.mobilephone,52,0.87,0.01,3439,57.32,0.96
2026-05-03,com.apple.mobiletimer,17,0.28,0.0,3439,57.32,0.96
2026-05-03,com.facebook.Facebook,85,1.42,0.02,3439,57.32,0.96
2026-05-03,com.facebook.Messenger,3,0.05,0.0,3439,57.32,0.96
2026-05-03,com.google.Gmail,61,1.02,0.02,3439,57.32,0.96
2026-05-03,com.google.chrome.ios,707,11.78,0.2,3439,57.32,0.96
2026-05-03,com.google.ios.youtube,62,1.03,0.02,3439,57.32,0.96
2026-05-03,com.hammerandchisel.discord,807,13.45,0.22,3439,57.32,0.96
2026-05-03,com.hisense.juconnect.connectLife,87,1.45,0.02,3439,57.32,0.96
2026-05-03,com.openai.chat,91,1.52,0.03,3439,57.32,0.96
2026-05-03,com.toyopagroup.picaboo,409,6.82,0.11,3439,57.32,0.96
2026-05-04,com.apple.ClockAngel,27,0.45,0.01,13393,223.22,3.72
2026-05-04,com.apple.InCallService,1547,25.78,0.43,13393,223.22,3.72
2026-05-04,com.apple.MobileSMS,575,9.58,0.16,13393,223.22,3.72
2026-05-04,com.apple.PassbookUIService,22,0.37,0.01,13393,223.22,3.72
2026-05-04,com.apple.Preferences,45,0.75,0.01,13393,223.22,3.72
2026-05-04,com.apple.calculator,50,0.83,0.01,13393,223.22,3.72
2026-05-04,com.apple.camera,20,0.33,0.01,13393,223.22,3.72
2026-05-04,com.apple.mobilecal,135,2.25,0.04,13393,223.22,3.72
2026-05-04,com.apple.mobilephone,48,0.8,0.01,13393,223.22,3.72
2026-05-04,com.apple.mobileslideshow,33,0.55,0.01,13393,223.22,3.72
2026-05-04,com.apple.mobiletimer,108,1.8,0.03,13393,223.22,3.72
2026-05-04,com.apple.reminders,3,0.05,0.0,13393,223.22,3.72
2026-05-04,com.apple.weather,13,0.22,0.0,13393,223.22,3.72
2026-05-04,com.einnovation.temu,47,0.78,0.01,13393,223.22,3.72
2026-05-04,com.facebook.Facebook,4446,74.1,1.24,13393,223.22,3.72
2026-05-04,com.facebook.Messenger,1104,18.4,0.31,13393,223.22,3.72
2026-05-04,com.google.Gmail,95,1.58,0.03,13393,223.22,3.72
2026-05-04,com.google.chrome.ios,2472,41.2,0.69,13393,223.22,3.72
2026-05-04,com.google.ios.youtube,21,0.35,0.01,13393,223.22,3.72
2026-05-04,com.hammerandchisel.discord,248,4.13,0.07,13393,223.22,3.72
2026-05-04,com.mcdonalds.mobileapp,34,0.57,0.01,13393,223.22,3.72
2026-05-04,com.microsoft.Office.Outlook,46,0.77,0.01,13393,223.22,3.72
2026-05-04,com.nike.omega,102,1.7,0.03,13393,223.22,3.72
2026-05-04,com.openai.chat,1010,16.83,0.28,13393,223.22,3.72
2026-05-04,com.strava.stravaride,0,0.0,0.0,13393,223.22,3.72
2026-05-04,com.toyopagroup.picaboo,1103,18.38,0.31,13393,223.22,3.72
2026-05-04,net.easypark.app,39,0.65,0.01,13393,223.22,3.72
2026-05-05,com.apple.AppStore,58,0.97,0.02,16483,274.72,4.58
2026-05-05,com.apple.ClockAngel,12,0.2,0.0,16483,274.72,4.58
2026-05-05,com.apple.ContinuityCaptureShieldUI,3,0.05,0.0,16483,274.72,4.58
2026-05-05,com.apple.Fitness,8,0.13,0.0,16483,274.72,4.58
2026-05-05,com.apple.Health,10,0.17,0.0,16483,274.72,4.58
2026-05-05,com.apple.InCallService,1231,20.52,0.34,16483,274.72,4.58
2026-05-05,com.apple.MobileSMS,671,11.18,0.19,16483,274.72,4.58
2026-05-05,com.apple.PosterBoard,1,0.02,0.0,16483,274.72,4.58
2026-05-05,com.apple.Preferences,150,2.5,0.04,16483,274.72,4.58
2026-05-05,com.apple.camera,0,0.0,0.0,16483,274.72,4.58
2026-05-05,com.apple.mobilenotes,142,2.37,0.04,16483,274.72,4.58
2026-05-05,com.apple.mobilephone,52,0.87,0.01,16483,274.72,4.58
2026-05-05,com.apple.mobileslideshow,103,1.72,0.03,16483,274.72,4.58
2026-05-05,com.apple.mobiletimer,12,0.2,0.0,16483,274.72,4.58
2026-05-05,com.apple.shortcuts,60,1.0,0.02,16483,274.72,4.58
2026-05-05,com.apple.weather,7,0.12,0.0,16483,274.72,4.58
2026-05-05,com.facebook.Facebook,30,0.5,0.01,16483,274.72,4.58
2026-05-05,com.facebook.Messenger,50,0.83,0.01,16483,274.72,4.58
2026-05-05,com.google.Gmail,325,5.42,0.09,16483,274.72,4.58
2026-05-05,com.google.chrome.ios,3838,63.97,1.07,16483,274.72,4.58
2026-05-05,com.google.ios.youtube,6826,113.77,1.9,16483,274.72,4.58
2026-05-05,com.gymshark.store,19,0.32,0.01,16483,274.72,4.58
2026-05-05,com.hammerandchisel.discord,223,3.72,0.06,16483,274.72,4.58
2026-05-05,com.hisense.juconnect.connectLife,126,2.1,0.04,16483,274.72,4.58
2026-05-05,com.lidl.eci.lidl.plus,334,5.57,0.09,16483,274.72,4.58
2026-05-05,com.microsoft.Office.Outlook,16,0.27,0.0,16483,274.72,4.58
2026-05-05,com.openai.chat,657,10.95,0.18,16483,274.72,4.58
2026-05-05,com.runbuddy.prod,7,0.12,0.0,16483,274.72,4.58
2026-05-05,com.toyopagroup.picaboo,1426,23.77,0.4,16483,274.72,4.58
2026-05-05,net.easypark.app,86,1.43,0.02,16483,274.72,4.58
2026-05-06,com.apple.InCallService,48,0.8,0.01,1903,31.72,0.53
2026-05-06,com.apple.MobileSMS,3,0.05,0.0,1903,31.72,0.53
2026-05-06,com.apple.Preferences,671,11.18,0.19,1903,31.72,0.53
2026-05-06,com.apple.camera,0,0.0,0.0,1903,31.72,0.53
2026-05-06,com.apple.facetime,6,0.1,0.0,1903,31.72,0.53
2026-05-06,com.apple.mobilephone,3,0.05,0.0,1903,31.72,0.53
2026-05-06,com.facebook.Facebook,2,0.03,0.0,1903,31.72,0.53
2026-05-06,com.google.Gmail,6,0.1,0.0,1903,31.72,0.53
2026-05-06,com.google.chrome.ios,645,10.75,0.18,1903,31.72,0.53
2026-05-06,com.hammerandchisel.discord,98,1.63,0.03,1903,31.72,0.53
2026-05-06,com.lidl.eci.lidl.plus,388,6.47,0.11,1903,31.72,0.53
2026-05-06,com.microsoft.Office.Outlook,11,0.18,0.0,1903,31.72,0.53
2026-05-06,com.toyopagroup.picaboo,22,0.37,0.01,1903,31.72,0.53
